Id;Nom;Parent_id
1;Brest;
2;Nantes;
3;Rennes;
4;Arago;1
5;Astro;1
6;Chaufferie;1
7;D01;1
8;Ecole Brest;1
9;F;1
10;G01;1
11;G02;1
12;G03;1
13;G04;1
14;G05;1
15;Gymnase;1
16;Incubateur;1
17;K01;1
18;Pracom;1
19;R01;1
20;Restaurant;1
21;2 allée Cauchy;2
22;2/Bâtiments K-L;2
23;3 allée Fournier;2
24;4 allée Cauchy;2
25;8 allée Cauchy;2
26;Bâtiment V;2
27;Ecole Nantes;2
28;Fosse 1/Incendie;2
29;Fosse 3/Incendie;2
30;Logement Direction;2
31;Logement Fosse 3;2
32;MDE;2
33;MDE/Fosse 3;2
34;PCE;2
35;Tertiaire/Fosse 1;2
36;Ecole Rennes;3
